365.0333279	zander																						
name	time	cx	cy	x1	y1	x2	y2	x3	y3	x4	y4	x5	y5	x6	y6	x7	y7	x8	y8	x9	y9	x10	y10
AL.ALS.3.25.22.#6.mp4	56	2232.544759	1188.846748	2101.459229	1055.909668	2170.790039	1031.303833	2243.592041	1041.027832	2297.010742	1086.494141	2304.578613	1157.912842	2284.535645	1229.332031	2266.280273	1301.371338	2233.874268	1368.074829	2190.781982	1428.194214	2152.51709	1491.721436
AL.ALS.3.25.22.#6.mp4	57	2235.53833	1198.781711	2116.403076	1048.438599	2183.898682	1028.028931	2250.130127	1051.198364	2292.518311	1107.559448	2311.824219	1177.493652	2281.486084	1243.523804	2253.061523	1310.381592	2221.516602	1375.965576	2209.006348	1446.445435	2211.046631	1519.115234
AL.ALS.3.25.22.#6.mp4	58	2262.458388	1311.47484	2277.670654	1605.032471	2267.989502	1527.854858	2241.562012	1454.890137	2218.842773	1381.43689	2243.476807	1307.698242	2278.205078	1238.13916	2299.026367	1163.093384	2296.679688	1086.123169	2238.672607	1039.005249	2168.083496	1006.1026
AL.ALS.3.25.22.#6.mp4	59	2243.56792	1292.792255	2167.460693	1001.744446	2237.998779	1038.788452	2283.463867	1094.124634	2294.324951	1172.854614	2268.169922	1243.83374	2253.664551	1319.582153	2241.914795	1398.383057	2240.360107	1477.688721	2240.388184	1554.099731	2207.93335	1626.822998
AL.ALS.3.25.22.#6.mp4	60	2258.175727	1318.768338	2256.500244	1629.313354	2233.192139	1552.242554	2229.947998	1471.55542	2236.567383	1391.578125	2251.330078	1312.186768	2278.764893	1236.252441	2300.660645	1158.715942	2298.360596	1079.588501	2238.257568	1037.481934	2164.970215	1003.612244
AL.ALS.3.25.22.#6.mp4	61	2251.433892	1310.59569	2230.348877	1611.880981	2226.559326	1534.417358	2226.677979	1456.95166	2230.563477	1379.512695	2251.510986	1304.838745	2283.092041	1234.523438	2295.213135	1159.348633	2284.788574	1084.375732	2234.150635	1029.511963	2162.479492	999.876709
AL.ALS.3.25.22.#6.mp4	62	2241.7854	1303.08705	2230.971436	1572.657837	2197.821777	1504.095093	2186.027344	1430.76001	2189.866455	1355.334351	2227.262695	1290.061157	2282.432129	1238.730835	2314.20874	1171.186768	2304.769043	1101.575195	2242.708984	1063.382202	2173.687256	1031.628662
AL.ALS.3.25.22.#6.mp4	63	2243.901394	1312.129245	2240.311279	1589.467773	2206.09375	1519.899048	2191.720703	1444.055298	2191.269775	1366.528198	2220.098145	1297.810791	2274.885498	1243.901733	2314.97168	1179.87561	2307.40332	1106.340454	2248.358398	1061.284302	2178.668457	1028.515747
AL.ALS.3.25.22.#6.mp4	64	2237.798747	1254.153008	2184.272461	1029.760986	2255.825195	1063.7146	2313.126709	1104.805908	2314.601563	1183.877808	2265.783447	1243.264282	2216.35791	1302.120605	2188.008301	1375.235962	2191.463379	1453.949951	2210.749756	1530.646973	2247.783203	1598.18396
AL.ALS.3.25.22.#6.mp4	65	2238.29872	1331.225301	2218.518311	1628.690796	2206.249756	1549.288574	2190.564453	1470.487915	2188.776367	1391.983154	2209.972412	1314.522461	2250.884521	1251.155884	2304.634033	1193.664185	2315.029785	1116.549316	2260.058838	1064.685425	2188.631104	1027.893188
AL.ALS.3.25.22.#6.mp4	66	2236.902913	1330.109538	2196.102783	1624.955322	2201.733887	1546.128174	2195.294434	1468.088623	2192.680908	1390.407593	2210.598389	1314.546631	2257.262939	1250.825562	2308.684082	1194.610229	2313.172119	1118.301025	2256.59668	1063.122681	2186.762939	1029.138306
																							
																							
																							
																							
name	time	cx	cy	x1	y1	x2	y2	x3	y3	x4	y4	x5	y5	x6	y6	x7	y7	x8	y8	x9	y9	x10	y10
AL.ALS.3.25.22.#6.mp4	64	3025.710178	1725.277059	3237.181396	1520.983032	3165.934814	1551.374023	3096.702881	1584.492676	3046.70752	1643.654907	3007.847656	1710.183838	2972.955566	1779.337524	2930.637207	1844.007446	2891.342041	1909.762695	2882.08252	1983.697388	2913.400879	2054.54126
AL.ALS.3.25.22.#6.mp4	65	2982.16059	1837.348809	3046.64917	2000.375977	2972.051025	2022.694214	2902.656738	1996.756836	2894.695068	1922.323364	2919.462402	1848.656738	2962.186768	1783.559937	3003.300781	1717.439697	3043.730957	1650.894775	3094.712402	1593.437744	3154.368408	1543.39624
AL.ALS.3.25.22.#6.mp4	66	2989.061551	1826.029365	3103.93335	1589.467773	3053.036377	1644.445313	3002.831787	1700.039673	2959.26709	1760.338013	2927.281982	1827.974976	2909.744629	1900.813721	2915.395752	1971.635864	2979.224854	2009.036499	3050.838135	2030.512451	3112.650391	2070.105957
AL.ALS.3.25.22.#6.mp4	67	2996.349013	2023.011854	2970.0625	2326.612305	2993.04541	2251.104736	3016.268555	2175.670898	3034.820557	2099.343994	3029.332031	2021.84729	3007.010742	1946.174072	2979.698242	1872.122559	2960.198486	1795.706665	2976.70459	1718.52417	3008.044434	1646.74585
AL.ALS.3.25.22.#6.mp4	68	3028.047201	2101.277195	3154.368408	2316.650879	3075.239258	2309.720459	3004.771484	2274.114502	3000.57251	2197.175293	3015.346436	2119.225342	3022.335205	2040.300903	3007.275879	1962.829468	2991.465088	1885.063965	2981.050537	1806.41394	2977.534424	1727.059814
AL.ALS.3.25.22.#6.mp4	69	3008.228461	2064.546143	3073.423096	2293.61499	3014.261719	2261.671387	3009.424805	2196.312012	3018.816895	2130.417969	3029.464844	2066.003174	3001.758301	2004.74292	2981.202393	1941.088257	2966.433838	1875.495728	2979.270264	1811.568848	3001.817871	1748.227783
AL.ALS.3.25.22.#6.mp4	70	2983.245714	2015.200141	3077.781738	1723.324219	3030.099609	1791.434326	2974.621338	1853.354858	2958.11084	1928.380981	2970.036377	2010.511719	2985.51416	2092.14624	2993.680176	2174.885986	2950.168213	2245.627197	2909.198975	2317.135742	2903.438477	2400.077637
AL.ALS.3.25.22.#6.mp4	71	2975.321587	2054.41531	2906.551758	2373.306396	2942.875732	2294.876221	2971.205322	2213.321289	2993.845459	2130.577881	2959.594727	2051.564941	2949.624756	1965.842773	2960.182373	1882.426758	3016.931641	1819.413696	3077.08252	1758.407837	3083.385742	1674.762329
AL.ALS.3.25.22.#6.mp4	72	2972.209852	2041.682292	2918.382324	2349.647949	2954.761719	2273.970215	2978.362305	2194.452148	2977.433594	2112.581055	2943.921631	2035.853271	2932.146484	1954.604858	2954.062988	1874.183716	3019.882568	1823.201904	3070.935059	1756.645508	3082.762939	1677.875244
AL.ALS.3.25.22.#6.mp4	73	2956.026964	2069.285767	2839.305176	2299.218262	2910.241943	2274.878418	2964.426025	2222.855469	2988.362549	2150.627441	2981.397705	2074.487549	2955.003662	2003.881226	2953.257813	1931.826782	2983.844727	1863.756592	3028.403076	1802.040161	3049.762451	1729.550171
AL.ALS.3.25.22.#6.mp4	74	2938.49547	2085.938965	2775.171631	2334.083252	2852.894287	2292.761719	2928.13501	2251.692627	2983.136963	2183.887207	2995.103027	2101.108154	2956.058594	2022.728638	2943.71582	1939.000488	2985.732666	1862.453003	3026.51123	1785.735596	3006.799072	1704.646606
																							
																							
																							
																							
name	time	cx	cy	x1	y1	x2	y2	x3	y3	x4	y4	x5	y5	x6	y6	x7	y7	x8	y8	x9	y9	x10	y10
AL.ALS.3.25.22.#6.mp4	99	2157.820624	1715.406711	2457.617676	1623.087524	2387.16626	1662.286255	2315.97998	1699.886475	2239.19873	1724.473999	2159.407227	1733.923218	2080.294434	1747.844116	2001.60498	1764.120117	1922.626831	1762.210938	1856.489502	1720.827759	1820.64209	1648.613647
AL.ALS.3.25.22.#6.mp4	100	2081.799615	1745.706597	2385.389893	1688.459351	2316.019775	1732.707886	2234.569336	1731.260498	2155.537109	1708.38208	2073.256348	1708.38208	2003.146729	1745.859375	1924.230469	1768.969971	1843.039917	1782.252075	1801.006958	1845.08606	1796.358643	1919.439575
AL.ALS.3.25.22.#6.mp4	101	1985.153904	1793.810045	2252.141846	1754.453613	2174.707275	1726.924316	2095.756348	1704.639893	2015.026611	1694.083374	1938.597168	1710.830444	1898.992798	1781.209229	1870.394409	1858.103516	1842.113525	1933.042603	1778.655151	1981.003418	1699.224487	1974.227295
AL.ALS.3.25.22.#6.mp4	102	1864.104465	1845.13699	2148.781006	1699.043335	2060.219727	1696.657959	1979.167603	1716.91748	1918.320557	1780.270508	1873.015259	1856.413696	1820.041748	1925.330322	1738.137695	1953.480957	1649.744873	1958.491333	1589.511719	2019.627319	1584.656006	2108.08374
AL.ALS.3.25.22.#6.mp4	103	1775.114434	1922.851074	2028.608765	1716.475708	1958.19043	1759.935303	1898.46228	1818.546875	1829.048584	1864.827881	1755.397827	1904.845703	1689.886108	1954.405884	1646.955444	2026.42627	1614.489502	2103.561768	1554.990967	2156.634277	1491.880493	2129.251709
AL.ALS.3.25.22.#6.mp4	104	1710.38562	1965.229506	1960.116699	1770.640991	1892.162109	1818.153076	1824.780273	1866.471191	1753.831665	1909.228882	1692.401978	1963.418213	1648.540649	2033.58313	1611.356812	2105.825684	1538.696045	2131.666748	1471.584351	2088.077637	1443.313354	2010.959961
AL.ALS.3.25.22.#6.mp4	105	1698.85494	1961.9729	1900.9646	1742.624512	1890.755859	1820.521729	1835.840454	1880.647949	1760.921265	1915.383301	1687.834595	1953.710815	1641.815063	2021.228882	1598.539307	2089.689209	1526.277344	2124.821533	1446.745972	2109.128174	1382.293213	2058.899414
AL.ALS.3.25.22.#6.mp4	106	1744.534966	1903.890815	1822.510132	1667.29126	1871.461426	1734.073853	1890.009766	1810.863281	1851.62146	1879.636963	1779.512085	1911.625366	1704.609741	1946.334839	1647.426636	2005.775269	1601.792358	2074.604736	1531.871094	2104.811768	1455.143799	2081.3125
AL.ALS.3.25.22.#6.mp4	107	1726.539469	1927.134508	1820.019409	1679.743042	1870.913574	1748.812256	1882.151001	1830.309082	1827.976685	1895.108154	1748.331787	1923.810181	1678.244141	1967.405273	1623.532959	2033.782837	1562.953125	2094.990723	1524.732544	2170.249023	1535.466309	2255.014648
AL.ALS.3.25.22.#6.mp4	108	1662.189014	2016.489856	1894.738037	1783.092651	1867.517822	1859.021729	1808.478882	1911.589478	1728.883301	1927.830566	1659.128662	1966.56897	1626.112305	2040.537842	1597.486084	2116.954834	1555.354492	2183.644531	1480.727051	2200.957275	1403.463501	2174.700684
AL.ALS.3.25.22.#6.mp4	109	1648.978787	2025.484212	1869.831787	1794.299316	1836.848145	1870.81311	1778.993042	1923.143066	1708.688843	1966.359375	1648.028687	2023.143921	1595.950928	2088.030029	1525.317627	2132.225342	1458.438354	2181.62793	1418.71167	2249.71582	1417.161865	2332.215576
																							
																							
																							
																							
name	time	cx	cy	x1	y1	x2	y2	x3	y3	x4	y4	x5	y5	x6	y6	x7	y7	x8	y8	x9	y9	x10	y10
AL.ALS.3.25.22.#6.mp4	159	1313.601746	1269.606513	1584.033325	1184.162842	1552.211548	1259.015625	1479.56189	1296.855957	1399.03418	1298.810547	1323.503662	1264.399414	1240.485962	1256.227661	1162.312012	1276.005493	1082.297485	1294.129761	998.975647	1296.851318	915.9249268	1290.002808
AL.ALS.3.25.22.#6.mp4	160	1366.804389	1260.64034	1640.072266	1154.278564	1586.401367	1214.651855	1528.892822	1271.133057	1455.366821	1298.815186	1376.315796	1295.69519	1297.300171	1278.901367	1217.970459	1263.663818	1138.337646	1273.865356	1060.582153	1294.758667	981.9263306	1303.699707
AL.ALS.3.25.22.#6.mp4	161	1404.051256	1257.877441	1688.639282	1152.410767	1631.574707	1208.549072	1565.559937	1252.412476	1490.373779	1279.061401	1411.931396	1290.30249	1331.971802	1288.143188	1252.083496	1283.337402	1172.051025	1281.90918	1092.275879	1284.770996	1013.681702	1299.964233
AL.ALS.3.25.22.#6.mp4	162	1395.069128	1256.971167	1742.187622	1132.488037	1678.083984	1190.855469	1610.136353	1243.408691	1531.323486	1279.527466	1447.315063	1295.832764	1360.921143	1288.612549	1274.527222	1281.392334	1188.00708	1276.005615	1102.016968	1284.737427	1016.172363	1296.851318
AL.ALS.3.25.22.#6.mp4	163	1282.087714	1291.851291	966.3599854	1301.209473	1046.111572	1296.799683	1125.886963	1294.545288	1204.308105	1305.192261	1281.661377	1305.219238	1360.420044	1293.349854	1440.224976	1290.059814	1519.698364	1284.646973	1594.118042	1255.639038	1655.638672	1208.443726
AL.ALS.3.25.22.#6.mp4	164	1269.476515	1292.985284	964.4920044	1298.719116	1040.878296	1283.687256	1117.949463	1275.68335	1193.755981	1286.487793	1267.135864	1305.643066	1344.025513	1294.441772	1421.840576	1292.069702	1499.688843	1291.870605	1575.522095	1308.264893	1609.562256	1372.184448
AL.ALS.3.25.22.#6.mp4	165	1397.342055	1364.8522	1426.501709	1545.264038	1486.462158	1490.671631	1533.580444	1425.486206	1528.707397	1347.319214	1480.163208	1285.957031	1399.484741	1284.749634	1319.470947	1296.251953	1240.924561	1309.839722	1160.783325	1298.130371	1084.041748	1276.928467
AL.ALS.3.25.22.#6.mp4	166	1422.86792	1420.095025	1243.441284	1300.586792	1322.66687	1288.484253	1402.64502	1289.403076	1476.288696	1314.247559	1519.162598	1374.17749	1500.237061	1447.806519	1460.306763	1517.236328	1428.369751	1586.634766	1452.693237	1662.278442	1519.899902	1704.646606
AL.ALS.3.25.22.#6.mp4	167	1474.225369	1550.288045	1489.389893	1852.822632	1489.409668	1773.039063	1467.570068	1695.659424	1446.026855	1619.08667	1451.633179	1538.879883	1483.727417	1467.378906	1511.931152	1393.933105	1498.828125	1324.290039	1429.511963	1287.502686	1351.160522	1269.457397
AL.ALS.3.25.22.#6.mp4	168	1481.723619	1574.085517	1491.257813	1286.889893	1521.214233	1358.444824	1507.62146	1433.056396	1469.50708	1499.098267	1442.050293	1569.634277	1439.849243	1645.082031	1462.204834	1719.363403	1481.391113	1794.463989	1520.416504	1860.736572	1595.86377	1866.519531
AL.ALS.3.25.22.#6.mp4	169	1514.374037	1672.059475	1684.280762	1779.979736	1617.279907	1817.713135	1541.160034	1819.930908	1477.306763	1782.039063	1443.825806	1716.155884	1431.956543	1640.400757	1441.985962	1565.502563	1478.925537	1497.815186	1512.64502	1428.998047	1531.107666	1354.129395
																							
																							
																							
																							
																							
name	time	cx	cy	x1	y1	x2	y2	x3	y3	x4	y4	x5	y5	x6	y6	x7	y7	x8	y8	x9	y9	x10	y10
AL.ALS.3.25.22.#6.mp4	224	538.3866374	1481.199097	595.2578125	1309.303101	592.6275635	1382.943237	594.7236328	1456.645996	592.9840698	1530.234863	566.7321777	1593.129395	507.3131104	1607.12915	463.060791	1553.275146	451.7618408	1480.751587	481.0187378	1417.379395	534.2376709	1369.694092
AL.ALS.3.25.22.#6.mp4	225	592.8622538	1450.259779	386.0458679	1566.432007	455.6518555	1610.75415	531.664978	1595.755371	588.7891846	1539.812012	596.7089233	1457.456055	608.5946655	1376.112793	641.1254883	1300.040649	722.578186	1298.096436	804.6011353	1307.87854	868.6032104	1298.719116
AL.ALS.3.25.22.#6.mp4	226	703.1929321	1354.487956	524.8978271	1587.599976	559.0379028	1518.189209	593.1779785	1448.778564	648.8572998	1396.768799	714.0252075	1355.372803	780.8168945	1316.356567	835.4417725	1261.726929	848.4210815	1188.574341	824.0604248	1117.024414	783.9221802	1050.928955
AL.ALS.3.25.22.#6.mp4	227	769.8582831	1253.362006	575.9555054	1494.211792	629.2511597	1428.33374	693.1908569	1375.072632	766.9243774	1333.337891	826.8109131	1278.565552	839.1970825	1197.640381	824.2977295	1115.722046	847.5145264	1037.4729	925.5823975	1019.901123	998.1153564	995.5186157
AL.ALS.3.25.22.#6.mp4	228	725.8822903	1349.294488	671.8443604	1594.448486	620.9686279	1534.263916	609.5792847	1456.525391	642.3168945	1389.444702	709.6110229	1351.119019	775.7320557	1310.077393	819.8175659	1245.75293	835.9909058	1170.081665	847.079895	1091.93689	902.8491821	1041.590088
AL.ALS.3.25.22.#6.mp4	229	743.7575378	1320.541724	682.4294434	1598.18396	629.2456665	1537.238403	606.53302	1462.081055	638.039856	1393.708374	706.7087402	1355.055298	771.6688232	1310.248901	814.1160278	1241.488403	857.3243408	1173.258423	887.1898193	1098.790161	844.3196411	1035.364258
AL.ALS.3.25.22.#6.mp4	230	738.7041083	1428.249688	642.5795898	1619.352051	640.7674561	1539.008423	602.5217285	1468.365723	610.5068359	1389.437622	669.8343506	1358.487549	750.6629639	1358.487549	831.4577637	1358.727661	909.7249146	1377.876587	990.2813721	1384.504028	1065.984741	1412.65271
AL.ALS.3.25.22.#6.mp4	231	722.7985704	1444.851576	633.8624268	1663.555786	640.5499878	1581.255615	618.1010742	1503.262207	601.0162354	1423.385864	641.633667	1356.505127	720.2078857	1349.6521	801.5334473	1363.942139	883.1079712	1376.493896	965.1744385	1385.61145	1029.870728	1436.311035
AL.ALS.3.25.22.#6.mp4	232	692.3562283	1462.924588	608.9562378	1687.214111	642.069397	1618.711426	629.7800293	1545.023071	612.9661255	1470.817993	618.8154907	1396.025391	667.9190674	1352.534058	743.1993408	1348.526489	816.5046997	1368.908691	890.9956665	1378.560059	966.982605	1374.674805
AL.ALS.3.25.22.#6.mp4	233	687.0069173	1465.175117	591.5219116	1699.043335	636.7453003	1631.463867	638.9859009	1554.323242	614.519165	1476.904663	604.5976563	1397.219238	654.9119873	1342.130859	735.3510132	1344.077881	813.4921265	1366.572876	892.9371948	1374.840088	957.6428223	1334.206543
AL.ALS.3.25.22.#6.mp4	234	679.7807482	1471.816664	574.0875854	1703.401367	626.7459106	1647.697754	646.6972656	1572.320557	620.4314575	1497.235107	606.6895142	1421.867798	643.0075684	1352.609375	720.8551636	1348.359253	800.2459106	1350.616821	879.2663574	1352.241943	958.2654419	1342.922852
																							
																							
																							
																							
name	time	cx	cy	x1	y1	x2	y2	x3	y3	x4	y4	x5	y5	x6	y6	x7	y7	x8	y8	x9	y9	x10	y10
AL.ALS.3.25.22.#6.mp4	242	1460.306708	2088.954888	1512.428101	2395.096924	1477.167114	2316.286621	1437.140259	2239.977295	1392.328735	2166.177979	1386.89624	2081.791504	1412.528809	2000.335571	1466.768677	1937.028564	1520.989746	1873.793823	1536.512695	1790.105713	1488.767212	1719.588745
AL.ALS.3.25.22.#6.mp4	243	1452.133816	1914.869832	1438.954834	1621.219727	1453.505493	1706.887573	1522.873779	1760.410156	1532.795532	1844.251465	1488.78833	1918.852905	1431.408447	1982.658813	1383.440918	2052.163818	1392.665771	2132.930908	1424.77124	2214.453125	1470.087524	2288.634277
AL.ALS.3.25.22.#6.mp4	244	1476.844104	1805.297888	1380.425293	2167.229736	1398.855713	2078.3396	1449.878418	2004.778076	1505.866089	1933.318359	1508.713623	1845.647827	1476.609375	1760.746582	1451.879395	1674.470215	1468.883789	1591.319702	1540.182739	1535.291626	1587.146606	1461.837158
AL.ALS.3.25.22.#6.mp4	245	1506.998372	1644.595418	1554.768555	1319.264526	1542.360352	1401.749023	1542.504395	1485.739136	1529.338501	1568.732666	1494.200928	1644.798462	1465.106323	1721.345215	1469.506104	1804.828125	1489.953003	1886.300049	1475.247192	1968.601563	1445.181396	2047.070068
AL.ALS.3.25.22.#6.mp4	246	1515.54522	1621.278863	1486.899292	1962.398071	1486.899292	1873.642578	1472.092407	1786.295654	1467.739258	1697.654175	1496.682495	1614.706299	1509.722412	1526.913818	1525.292236	1439.541748	1557.306885	1364.433716	1637.272705	1325.923706	1697.979126	1271.325195
AL.ALS.3.25.22.#6.mp4	247	1504.25826	1651.784763	1479.427368	1974.849854	1489.692749	1891.269165	1493.046753	1807.787109	1477.641357	1725.367798	1469.391113	1649.00769	1504.708984	1572.56311	1539.402954	1495.833862	1550.05603	1416.106201	1534.957031	1333.278076	1508.692139	1253.270142
AL.ALS.3.25.22.#6.mp4	248	1497.185683	1716.11263	1460.747681	2033.995728	1460.747681	1949.704224	1496.5625	1873.78418	1511.77063	1794.315918	1485.335938	1716.715576	1475.398438	1637.748901	1498.008911	1557.657227	1533.938354	1481.40686	1552.161011	1399.685059	1529.239746	1318.641846
AL.ALS.3.25.22.#6.mp4	249	1503.023706	1741.078516	1563.485718	1371.56189	1529.197388	1451.273682	1504.582764	1533.971924	1487.971313	1619.140747	1493.44397	1704.96875	1502.281738	1791.255737	1489.063599	1872.983643	1452.505615	1950.647461	1471.615967	2029.310669	1536.088989	2085.670654
AL.ALS.3.25.22.#6.mp4	250	1500.848687	1845.977254	1565.976318	2144.193848	1539.704712	2069.565674	1468.276245	2020.158081	1453.275879	1938.172729	1487.769409	1861.846313	1497.893921	1775.952393	1493.973755	1688.168823	1491.489136	1601.087036	1509.278809	1514.650391	1532.353027	1429.462646
AL.ALS.3.25.22.#6.mp4	251	1497.212782	1811.44123	1506.201538	1479.892212	1502.472778	1566.885376	1486.657471	1652.36377	1503.925293	1737.707397	1488.799683	1821.497559	1459.604614	1903.519165	1448.550415	1985.418823	1507.578613	2048.313477	1571.124634	2107.373291	1557.259155	2188.397705
AL.ALS.3.25.22.#6.mp4	252	1495.205132	1955.34139	1443.313354	2176.568359	1518.02478	2191.685547	1543.46521	2123.85791	1527.010986	2043.999878	1481.148804	1976.30957	1478.181396	1894.347168	1481.087769	1812.008545	1491.710815	1730.338013	1492.903076	1648.95752	1479.427368	1567.677124
																							
																							
																							
																							
name	time	cx	cy	x1	y1	x2	y2	x3	y3	x4	y4	x5	y5	x6	y6	x7	y7	x8	y8	x9	y9	x10	y10
AL.ALS.3.25.22.#6.mp4	332	1402.607856	1934.795098	1107.702515	1870.255005	1180.693604	1901.565063	1239.556641	1961.741455	1318.223877	1981.364502	1400.674683	1967.905762	1481.740234	1943.285767	1558.534912	1907.570679	1633.950806	1915.051025	1702.393433	1964.416626	1771.452393	2013.450317
AL.ALS.3.25.22.#6.mp4	333	1404.530847	1955.174695	1086.532349	2029.015015	1127.094849	1961.518799	1204.139038	1943.0979	1282.365967	1957.59668	1363.023682	1959.806274	1443.062378	1950.383301	1521.013672	1929.546997	1599.581665	1911.427002	1675.06189	1933.259888	1743.432983	1976.095093
AL.ALS.3.25.22.#6.mp4	334	1351.051799	1959.162462	1042.946533	2043.957153	1117.01355	2004.435547	1181.759521	1953.518555	1265.717163	1950.56897	1349.395142	1955.406616	1432.410522	1953.558716	1510.68689	1926.884888	1589.973877	1910.143433	1669.562988	1933.988281	1742.187622	1975.472412
AL.ALS.3.25.22.#6.mp4	335	1421.995592	1946.406508	1113.306519	1956.172241	1195.079346	1955.511353	1271.395874	1977.424438	1351.558105	1982.085449	1424.531616	1946.137329	1496.531982	1907.916992	1577.099121	1897.789429	1654.114502	1919.774658	1714.343262	1974.84668	1784.528198	2014.072998
AL.ALS.3.25.22.#6.mp4	336	1560.383314	1957.451525	1259.630249	1975.472412	1340.509155	1980.914185	1415.001099	1952.65625	1484.245361	1910.621216	1562.319824	1908.032471	1634.323975	1945.511353	1706.508423	1981.904785	1785.136353	1999.529785	1855.775391	1962.421265	1879.794312	1887.6875
AL.ALS.3.25.22.#6.mp4	337	1638.58705	1979.055488	1527.371826	2043.334595	1459.474609	1997.073242	1474.848022	1920.142822	1547.574707	1888.262207	1619.935181	1913.775879	1661.997681	1981.620605	1737.344727	2014.376709	1818.961426	2019.168945	1899.775269	2033.744385	1979.419067	2053.918701
AL.ALS.3.25.22.#6.mp4	338	1590.514106	1869.036485	1739.074341	1664.800903	1688.001953	1730.187378	1627.705811	1786.791382	1557.103149	1830.314209	1497.339355	1886.171021	1483.288818	1960.147461	1514.556152	2030.891846	1589.354004	2003.788208	1618.203369	1928.235962	1658.751953	1855.935547
AL.ALS.3.25.22.#6.mp4	339	1599.47124	1886.155774	1750.282104	1776.866821	1725.03125	1843.101807	1664.844971	1894.205688	1615.389038	1955.240845	1572.545532	2017.185913	1498.278931	1998.5448	1474.734375	1928.438843	1499.098999	1855.192993	1560.038818	1805.329224	1634.468384	1787.450806
AL.ALS.3.25.22.#6.mp4	340	1577.300469	1909.966187	1593.99585	1791.186401	1523.418823	1817.345703	1483.141602	1879.505859	1478.549316	1953.154419	1517.52478	2014.921875	1583.724487	2021.037598	1638.153931	1969.812134	1674.857666	1904.915527	1702.337769	1837.816162	1702.337769	1762.547241
AL.ALS.3.25.22.#6.mp4	341	1593.225939	1891.525296	1503.088257	1716.475708	1485.173706	1795.720825	1480.281738	1876.9021	1485.668091	1956.747437	1551.441284	2004.650024	1621.67334	1989.211304	1666.903076	1921.975342	1731.716064	1881.828491	1813.087891	1880.216431	1878.54895	1922.55249
AL.ALS.3.25.22.#6.mp4	342	1670.475152	1923.891425	1450.162598	1852.199951	1451.545898	1934.117798	1516.986572	1979.115356	1597.462036	1966.458374	1667.474976	1919.865479	1736.143799	1872.255615	1817.10498	1869.554443	1877.751465	1926.347046	1919.644043	1995.108765	2003.079956	2000.998535
																							
																							
																							
																							
name	time	cx	cy	x1	y1	x2	y2	x3	y3	x4	y4	x5	y5	x6	y6	x7	y7	x8	y8	x9	y9	x10	y10
AL.ALS.3.25.22.#6.mp4	481	1166.326267	689.3900723	1019.285645	412.1534119	1043.72522	488.3168945	1076.279907	560.130188	1124.615234	623.868042	1169.625977	689.3140869	1193.825928	765.5584106	1230.278076	836.3995361	1286.493286	892.5871582	1352.807129	936.1829224	1389.765137	996.1411743
AL.ALS.3.25.22.#6.mp4	482	1231.40583	800.8608263	1346.179321	1049.683716	1357.376587	977.1469727	1329.427002	909.1015015	1274.354614	860.2158813	1219.851074	812.0856934	1188.632813	745.6394043	1166.492554	676.6547852	1120.150635	619.4262085	1080.187866	557.7932739	1051.663696	489.9769287
AL.ALS.3.25.22.#6.mp4	483	1223.87675	749.299842	1067.852661	496.8254089	1103.694092	564.1066895	1142.177612	629.9267578	1180.483643	695.8104248	1211.851807	763.5047607	1272.725586	808.7049561	1327.98291	858.4237061	1361.56604	926.3585815	1346.556396	1000.037292	1301.970825	1061.512939
AL.ALS.3.25.22.#6.mp4	484	1241.090264	805.002889	1089.64563	539.7839966	1125.196655	609.3551636	1170.29187	672.8619385	1213.089722	738.1450806	1261.550903	799.1993408	1313.127686	857.8804321	1332.713013	931.6031494	1328.786621	1009.63269	1335.410278	1086.564209	1375.444092	1153.656006
AL.ALS.3.25.22.#6.mp4	485	1262.121718	838.4930827	1120.15564	571.5360107	1148.276611	645.7092285	1189.350708	712.9371948	1244.425171	769.2594604	1302.89563	822.8110962	1323.977661	893.7797241	1326.201172	973.0736084	1324.595459	1052.380127	1379.217407	1104.951294	1454.52124	1125.639526
AL.ALS.3.25.22.#6.mp4	486	1330.573432	931.4134047	1516.786621	1132.488037	1444.364624	1102.542114	1369.485352	1079.617676	1319.912476	1024.329102	1316.235107	947.1451416	1319.166138	868.8342896	1281.883057	800.9456177	1230.747314	741.6980591	1176.5802	685.1206055	1141.325928	615.7397461
AL.ALS.3.25.22.#6.mp4	487	1440.358073	1093.834893	1336.839478	865.397644	1383.398926	918.048584	1386.322998	986.0933228	1376.327026	1055.529907	1383.731812	1124.838623	1436.348022	1166.693359	1497.249023	1201.750488	1556.882935	1238.672485	1606.122437	1287.489624	1626.373901	1352.884277
AL.ALS.3.25.22.#6.mp4	488	1406.272068	1047.800008	1322.518433	810.6098633	1322.128174	882.0377808	1363.552734	940.2902832	1401.825806	1000.909485	1406.576782	1072.541748	1388.739502	1142.861084	1416.310425	1201.270386	1488.082031	1208.443726	1546.714722	1171.235718	1552.900635	1098.868286
AL.ALS.3.25.22.#6.mp4	489	1393.291463	1006.4092	1398.4823	793.1774292	1334.919434	814.9730225	1322.59668	881.1116943	1351.964966	941.1975098	1384.473267	1001.582886	1395.42627	1070.960693	1400.887695	1140.885742	1442.478027	1195.946167	1508.394531	1217.847656	1576.561523	1212.179321
AL.ALS.3.25.22.#6.mp4	490	1399.355292	1007.381097	1495.616455	1268.834839	1451.413086	1204.153931	1441.737549	1127.990112	1430.319336	1052.97229	1376.598633	996.0229492	1322.029053	940.3771362	1306.409058	865.9754639	1347.874878	805.5790405	1422.199585	804.5241089	1483.786011	852.9458618
AL.ALS.3.25.22.#6.mp4	491	1411.524577	913.7218357	1457.011841	1062.758057	1417.378906	1007.413269	1348.340454	978.3885498	1305.708618	920.9503784	1310.928833	849.2675171	1360.96582	812.6466064	1430.82666	838.4285278	1499.96814	868.9457397	1572.591919	884.697876	1637.581665	856.6813965
																							
																							
																							
																							
name	time	cx	cy	x1	y1	x2	y2	x3	y3	x4	y4	x5	y5	x6	y6	x7	y7	x8	y8	x9	y9	x10	y10
AL.ALS.3.25.22.#6.mp4	607	2207.533298	1317.239312	2534.204346	1380.278076	2451.181152	1360.354736	2366.099609	1358.663818	2281.364746	1351.644775	2205.945313	1318.672607	2132.326416	1276.593018	2048.219238	1268.097656	1964.765747	1282.07251	1883.693115	1258.776611	1825.623291	1199.10498
AL.ALS.3.25.22.#6.mp4	608	2068.749647	1278.649807	1753.395386	1191.011353	1836.722046	1194.302979	1907.06958	1240.710205	1982.73584	1277.951294	2062.671143	1296.851318	2146.864014	1299.226196	2230.170898	1310.705322	2308.377686	1341.722168	2390.740234	1355.367432	2475.052002	1355.997192
AL.ALS.3.25.22.#6.mp4	609	2017.896674	1278.193739	1722.885376	1275.68335	1784.611938	1216.30127	1862.153931	1201.135254	1939.845093	1236.309692	2005.927734	1289.599609	2084.248535	1308.057861	2169.813965	1308.982178	2253.979736	1324.862793	2337.60376	1342.811646	2421.503906	1356.619751
AL.ALS.3.25.22.#6.mp4	610	1992.592692	1265.9442	1686.771362	1178.55957	1756.223999	1225.55249	1836.917114	1227.458008	1920.36084	1229.9646	1986.878784	1278.033203	2062.283447	1304.944946	2146.10498	1303.152344	2229.520508	1308.870483	2308.273193	1336.962158	2390.371094	1352.884277
AL.ALS.3.25.22.#6.mp4	611	1978.896986	1251.949314	1680.5448	1124.394409	1744.262451	1181.81604	1815.085083	1229.611816	1900.665527	1232.560303	1983.915527	1246.88855	2044.822144	1302.52417	2129.053467	1309.925903	2214.823242	1309.303101	2296.900635	1330.519531	2377.29541	1360.355347
AL.ALS.3.25.22.#6.mp4	612	2017.021471	1272.745104	2351.766602	1347.903564	2267.775146	1325.956299	2181.61084	1316.200684	2095.733643	1304.399658	2011.531738	1288.981445	1933.661743	1251.003784	1853.082642	1218.648682	1769.921143	1195.30481	1688.109741	1206.307007	1641.317627	1275.060669
AL.ALS.3.25.22.#6.mp4	613	2012.350382	1272.340549	1706.073608	1242.686157	1778.855713	1199.021484	1859.343018	1206.759766	1930.828003	1252.33606	2002.986938	1296.750977	2086.146729	1306.240845	2169.922607	1292.623535	2251.842529	1307.848877	2325.154297	1346.797241	2387.257813	1404.559082
AL.ALS.3.25.22.#6.mp4	614	2010.179986	1271.649984	1683.658081	1183.540283	1768.701904	1200.624146	1853.14624	1216.185303	1928.45752	1258.276489	2001.857788	1304.095337	2087.328125	1309.705322	2173.687988	1303.699707	2258.711182	1315.643188	2336.071045	1353.080078	2398.465576	1413.275269
AL.ALS.3.25.22.#6.mp4	615	2018.017293	1266.610216	1688.639282	1182.295044	1775.046265	1189.083496	1856.565796	1218.440552	1937.655151	1249.047119	2014.056519	1283.867188	2096.58667	1304.598755	2183.081787	1302.071167	2267.586426	1313.848511	2342.937744	1356.240112	2405.9375	1415.765625
AL.ALS.3.25.22.#6.mp4	616	2048.443469	1291.33042	1712.300171	1273.192993	1764.49353	1214.047119	1847.768799	1224.334717	1927.755859	1253.337891	2002.700562	1293.493652	2085.712158	1304.837158	2170.329834	1297.610352	2254.425293	1303.824341	2326.709473	1347.17981	2392.239014	1401.446167
AL.ALS.3.25.22.#6.mp4	617	1966.921522	1284.498915	1708.564331	1341.677612	1741.174194	1265.239746	1804.644531	1220.132813	1884.979126	1228.466309	1955.80542	1269.703247	2029.420532	1306.734253	2110.748047	1308.273804	2193.727051	1303.727539	2273.230469	1316.534912	2343.049316	1361.600464
